act,politeness,meta,reason,row_idx,seed
Inform,,,,0,93187
Inform,,,,1,93187
Inform,,,,2,93187
Inform,,,"The speaker is narrating factual events from their story: coming home and seeing their sister crying. This is providing factual information within the narrative. It is not simply subjective opinion (so not Claim), nor a directive, request, or reaction. Thus â€œInformâ€ fits best. No clear politeness or meta features present.",3,93187
Inform,,,"This utterance is part of a narrative recounting past events. The speaker is providing factual information about what the sister conveyed and showed. That fits the Inform act. Because the utterance reports what the sister said (â€œShe told meâ€¦â€) it involves reported speech, so meta tag â€œ[reported]â€. Thereâ€™s no clear politeness marker.",4,93187
Claim,,,"The utterance â€œIn that moment, I went dark.â€ is a subjective statement about the speakerâ€™s internal emotional state. It is not seeking information, directing anyone, or giving verifiable factual data; rather, it asserts something personal and inherently unverifiable by others. That fits the definition of Claim (subjective assertion). There is no politeness or impoliteness marker, and no non-bona fide or reported speech.",5,93187
Inform,,,"The speaker continues a chronological narrative, offering context for his later actions. The sentence states factual background about where he lived and the prevalence of guns among his friends. It is not asking for information (so not Inquire/Request), not giving directives, nor expressing desire or evaluation beyond describing circumstances. Hence the utterance functions to give factual information to the audienceâ€”best captured by the Inform label. The derogatory phrase â€œtrailer trashâ€ is descriptive of the locale, not an attack on the interlocutor, so no politeness tag is required. No sarcasm or reported speech present.",6,93187
Inform,,,"The utterance is part of a chronological narrative recounting what the speaker did. It provides factual information about past events (â€œI wentâ€¦ told himâ€¦ we got in the carâ€¦â€). Itâ€™s not expressing personal opinion (Claim), not requesting or directing, nor elaborating on previous sentence. It is simply stating events, hence fits Inform. No politeness markers, no meta like sarcasm.",7,93187
Inform,,,"The utterance narrates a factual event in the timeline of the story (â€œWhen he got homeâ€¦ my friend handed me the gunâ€). It supplies new, verifiable-in-principle information about what happened next. It is not expressing a stance (Claim), not requesting action (Direct/Request), nor paraphrasing a previous line (Elaborate). Therefore, the most fitting act is Inform. No politeness or meta cues are present.",8,93187
Inform,,,,9,93187
Inform,,,,10,93187
Inform,,,,11,93187
Inform,,,,12,93187
Invite,,,"The target utterance is simply â€œAMA,â€ the Reddit shorthand for â€œAsk Me Anything.â€ 
Possible labels:
1. Invite â€“ It explicitly invites the audience to participate by asking questions.
2. Manage â€“ Could be seen as opening the floor, managing discussion flow.

Comparing: â€œInviteâ€ is defined as seeking participation or acceptance. â€œAMAâ€ directly encourages others to engage with questions, fitting this definition. â€œManageâ€ is more about structuring or organizing the discussion; while AMA does open the session, its primary function is to invite questions rather than administrate structure.

No clear politeness markers (no praise, no rudeness, no hedging). Not non-bona fide.

Therefore, the most fitting act is Invite.",13,93187
Inquire,,,"The target utterance â€œHow different was juvy from the rehab place?â€ is a question asking the original poster to provide information comparing two experiences.  
Possible act labels:  
1. Inquire â€“ seeks information.  
2. Request â€“ could be seen as requesting action (answer), but in taxonomy, straightforward questions seeking information are â€œInquire.â€  
3. Elaborate â€“ no, itâ€™s not explaining anything; itâ€™s asking.  

Thus, â€œInquireâ€ fits best.  
Politeness: neutral; no explicit politeness strategies or impoliteness.  
Meta: none.",14,93187
Inquire,,,,15,93187
Inform,,,,16,93187
Inform,,,"The utterance is a descriptive statement about what the placement facility was like. It conveys factual information (or at least information presented as fact) to the reader. No request, no opinion/stance disagreement, no directive. Thus the best-fitting communicative act is Inform. There is no politeness or impoliteness marker evident, nor is it reported speech or sarcasm. Therefore: act = Inform, politeness = """", meta = """".",17,93187
Claim,,,,18,93187
Elaborate,,,,19,93187
Claim,,,,20,93187
Inquire,,,,21,93187
Inform,,,,22,93187
Inform,,,,23,93187
Claim,,,,24,93187
Reject,,,"Possible acts:
1. Inquire â€“ literal question asking for information about why it matters.
2. Reject â€“ rhetorical question challenging the relevance of the previous statement â€œso it all worked out,â€ implicitly disagreeing that itâ€™s important.

Given the context (responding immediately to someone concluding â€œso it all worked outâ€), the utterance functions more as a challenge, disputing the implied significance rather than sincerely seeking info. Therefore, Reject fits better than Inquire. No clear politeness or impoliteness markers. No meta.",25,93187
Inform,,reported,,26,93187
React,,,,27,93187
Inform,,,,28,93187
Inform,,,,29,93187
Inform,,,,30,93187
React,+P,,"The target utterance â€œThat's cool,â€ follows a statement describing how someone eventually sided with the speaker. The phrase functions as a short supportive acknowledgment that positively evaluates the prior information. Two plausible act types:

1. Accept â€“ would indicate explicit agreement (â€œYes, that is correctâ€).  
2. React â€“ signals engagement or emotional response (â€œCool!â€, â€œWow!â€).

Since â€œThatâ€™s coolâ€ is more of an evaluative reaction than a direct statement of agreement, React fits better. It carries a friendly, approving tone, which can be coded as positive politeness (+P). No reporting or non-bona fide elements are present.",31,93187
React,+P,,,32,93187
Claim,+P,,"Possible acts:
1. Inform â€“ stating a fact about the OPâ€™s situation (â€œYou had to chooseâ€¦â€).
2. Claim â€“ a subjective characterization of the OPâ€™s dilemma; not strictly verifiable.
Since this expresses the commenterâ€™s empathetic assessment rather than an objectively verifiable fact, â€œClaimâ€ fits better.
Politeness: The sentence shows solidarity and empathy, a form of positive politeness (+P).
No meta tags needed.",33,93187
Claim,,,,34,93187
Claim,+P,,,35,93187
Inquire,,,,36,93187
Inquire,,,,37,93187
Inform,,,,38,93187
Elaborate,,,"Possible acts: Inform (providing fact about visits), Elaborate (expanding on his previous statement about missing sister's growth). Since sentence begins with ""and still"", directly linking to prior statement, functioning to qualify and explain that despite missing growth they're still close. This explicitly elaborates previous message. Choose Elaborate. No politeness markers. No meta.",39,93187
Claim,,,"The target utterance states: â€œBut I just canâ€™t help but feel bad for missing her formative years.â€  
Possible acts:  
1) Claim â€“ a subjective assertion about the speakerâ€™s feelings (not objectively verifiable).  
2) Apologize â€“ could be seen as an apology, but the wording doesnâ€™t directly apologize to someone; it merely expresses regret.  
3) Desire â€“ expresses a wish or hope? Not really; itâ€™s reflecting current feelings, not a hypothetical want.  

Given the definitions, â€œClaimâ€ fits best: itâ€™s a personal, subjective statement. Thereâ€™s no directive or request, no factual information, nor overt apology.  
Politeness: no explicit politeness strategy or impoliteness; itâ€™s neutral.  
Meta: no reported speech, no irony.",40,93187
Inform,,,,41,93187
Inquire,,,,42,93187
Inquire,,,,43,93187
Inform,,,,44,93187
Inform,,,,45,93187
Claim,,,,46,93187
Elaborate,,,"The target â€œputting my sister and Iâ€™s health at risk.â€ expands on the previous clause â€œwhich made me really angry at my mom for telling us to ignore it,â€ explaining why that made him angry. This is an explanatory add-on to the speakerâ€™s own prior statement, so it fits the â€œElaborateâ€ act. It is neither polite nor impolite, and there is no reported speech or non-bona-fide cue.",47,93187
Inform,,,,48,93187
Claim,,,,49,93187
Apologize,+N,,"The speaker says: â€œI donâ€™t mean to sound like a cold and unemotional person.â€  
This utterance does not present factual information or a request. Instead it anticipates that the forthcoming statement might be perceived negatively and offers a pre-emptive apology/hedge. Within the taxonomy, such humble or self-deprecating expressions fall under â€œApologize.â€  
Politeness: It is a classic negative-politeness strategy (hedging to avoid imposition), coded +N.  
No other meta tags apply.",50,93187
Claim,,,,51,93187
Claim,,,,52,93187
React,+P,,"The utterance â€œIâ€™m sorry you went thru this..â€ is not an apology for the speakerâ€™s own wrongdoing; itâ€™s an empathic expression of sympathy toward the addresseeâ€™s traumatic experience. That aligns best with â€œReact,â€ which covers emotional engagement or listener response. It also conveys support/solidarity, so positive politeness (+P) applies. No special meta tags needed.",53,93187
Direct,+P,,"The target utterance â€œcount it as a blessing that your mental health has been good!â€ is in the imperative mood, telling the addressee to adopt a certain attitude (to â€œcount it as a blessingâ€). That is an attempt to influence the addresseeâ€™s behavior/thoughts, fitting the â€œDirectâ€ category (require/prohibit/advise). The tone is supportive and encouraging, so it demonstrates positive politeness (+P). No reporting or sarcasm present.",54,93187
Greet,+P,,,55,93187
Claim,,,"Possible acts: 
1) Inform â€“ stating verifiable fact? But â€œabusiveâ€ is evaluative; not objectively verifiable. 
2) Claim â€“ subjective assertion/opinion about the motherâ€™s action. Fits.
No commands, questions, etc. Politeness: no direct insult toward addressee, just describing motherâ€™s behavior; so none. No non-bona fide.",56,93187
React,+P,,"The utterance â€œand I don't blame you for what you did.â€ expresses empathy and support toward the original poster. It is not primarily providing new factual information (Inform) nor making a subjective assertion unrelated to interaction (Claim). It functions as a supportive response, indicating understanding and positive alignment rather than disagreement. This fits the â€œReactâ€ category, which covers expressions of engagement, approval, or emotional response. Because the comment conveys solidarity and reassurance, it constitutes positive politeness (+P). No non-bona fide or reported speech features are present.",57,93187
Congratulate,+P,,"Possible acts:
1) React â€“ shows positive emotional response.
2) Congratulate â€“ expresses praise/good wishes for an achievement (patching things up).

The utterance explicitly expresses happiness about a reconciliation, which is an accomplishment by the two parties. Itâ€™s more than a simple back-channel; it praises the result of their effort at repairing the relationship, aligning with the â€œCongratulateâ€ definition. React is possible but more generic; Congratulate is the rarer, more specific fit.

Politeness: The sentence is supportive and complimentary, a clear case of positive politeness (+P).

No sarcasm or reported speech.

Therefore: act = Congratulate, politeness = +P, meta = """".",58,93187
Greet,+P,,"The utterance â€œI wish you nothing but the best in the future!â€ is directed at the previous poster, expressing goodwill and a positive wish.  
Candidate acts:  
1. Congratulate â€“ typically praise/acknowledge an achievement (â€œCongrats on your promotionâ€). Here thereâ€™s no explicit praise for a specific achievement.  
2. Greet â€“ covers greeting, leave-taking, and general well-wishing. The utterance is a form of well-wishing, fitting this category.  
3. Desire â€“ expresses a want, hope, or speculation, but usually for oneself (â€œI wish I could â€¦â€). In this case the desire is for the addresseeâ€™s benefit and functions socially like a well-wish.

Given the taxonomy, â€œGreetâ€ (well-wishing) is most appropriate.  
Politeness: it offers positive support and goodwill â†’ +P (positive politeness).  
No sarcasm or reported speech â†’ meta = """".",59,93187
Inform,,,,60,93187
Claim,,,,61,93187
Accept,,,,62,93187
React,+P,,,63,93187
Desire,,,"The utterance â€œI wish that our systems were more fictional and helped people.â€ expresses hope or desire for how things could be different (â€œI wish ...â€). It does not ask for information, provide information, direct action, or react; itâ€™s a subjective yearning. Thus the correct act is â€œDesire.â€ No clear politeness or meta markers present.",64,93187
Direct,+P,,"The speaker says, â€œSelf care is the best thing you can do for yourself in working in social services.â€ Although phrased declaratively, the functional intent is to give advice or recommendationâ€”i.e., to influence the addresseeâ€™s future action (practice self-care). That fits the â€œDirectâ€ category (attempt to cause action through strong advice). Itâ€™s also supportive and caring, which is positive politeness (+P). No humor or reporting present.",65,93187
Claim,,,"The utterance â€œYou will never repair the world but you can make small changes for individuals.â€ is asserting the speakerâ€™s perspective on the limits and impact of social-service work. It does not explicitly direct action (â€œYou must â€¦â€), but rather states a belief about what is (and isnâ€™t) possible, encouraging realistic expectations. As such, it fits the â€œClaimâ€ category: a subjective assertion that is not objectively verifiable. There is no clear politeness or impoliteness marker, and no reported speech or non-bona-fide stance.",66,93187
Claim,,,,67,93187
Congratulate,+P,,,68,93187
Inquire,,,"Possible labels: Inquire (seeking information), Request (asking someone to do something). â€œHow's your relationship with your sister now?â€ is a question whose primary purpose is to obtain information; it doesnâ€™t ask for an action beyond answering. Therefore it fits Inquire. No clear politeness strategies or impoliteness. No meta tags.",69,93187
Inquire,,,,70,93187
Claim,,,"Possible acts: Inform vs. Claim. Inform is providing verifiable factual info; Claim is subjective, unverifiable assertions like feelings, preferences. Statement ""Me and my sister are very close."" describes personal relationship, subjective closeness, not objectively verifiable. Therefore Claim fits better. No politeness or meta tags.",71,93187
Inform,,,,72,93187
Inform,,,,73,93187
Inform,,,,74,93187
Congratulate,+P,,The target utterance â€œThats awesome!â€ follows a statement about someone about to graduate from college. The speaker is expressing positive evaluation and praise for this accomplishment. This fits the â€œCongratulateâ€ act (praise for achievement). It is also positive politeness (+P) as it builds solidarity through praise. No special meta tags are needed.,75,93187
Congratulate,+P,,"Two possible acts:
1. Desire â€“ expresses a hope.
2. Congratulate â€“ expresses good wishes for success, akin to â€œGood luck.â€

Given taxonomy example â€œGood luck, gamer.â€ under Congratulate, the utterance matches that functionâ€”offering well-wishing rather than merely stating a personal desire. So select Congratulate.

Politeness: supportive, thus +P. No meta tags needed.",76,93187
Inquire,,,"The target utterance â€œDo you regret shooting him?â€ is clearly seeking information from the original poster about their feelings regarding the shooting. This fits the definition of Inquire (asking for information). It does not express agreement, directives, or other acts. No obvious politeness or impoliteness markers are present; itâ€™s a straightforward question.",77,93187
Claim,,,,78,93187
Claim,,,"The utterance â€œHe was abusive and cruel.â€ is a declarative statement expressing the speakerâ€™s subjective assessment of the boyfriendâ€™s character. While it draws on factual experience, the choice of words (â€œcruelâ€) makes it evaluative and not straightforwardly verifiable. Thus it fits best as a Claim (subjective assertion). It does not direct action, ask a question, show gratitude, etc. No politeness or meta cues are evident.",79,93187
Claim,,,"Possible labels: 
1. Claim â€“ the speaker states a personal feeling (â€œI do regretâ€¦â€), a subjective assertion.
2. Desire â€“ regret could imply a wish that things were different, fitting the â€œwant/hope/counterfactualâ€ definition.
3. Elaborate â€“ could be seen as adding detail to prior statement, but content shifts from describing abuser to personal regret, not explaining previous sentence.

Between Claim and Desire: Desire is typically forward-looking (â€œI wantâ€, â€œI wishâ€, â€œI hopeâ€). Regret is backward-looking expression of feeling; taxonomy lists Desire examples but not regret explicitly. The utterance primarily states an internal emotional fact (â€œI regretâ€¦â€), so Claimâ€”an unverifiable subjective assertionâ€”fits best. No politeness or meta markers.",80,93187
Claim,,,,81,93187
Claim,,,"The utterance expresses a personal stance: the speaker states they donâ€™t feel bad about killing the abusive boyfriend. This is a subjective assertion about their feelingsâ€”unverifiable in principleâ€”fitting the definition of Claim. It is not instructing anyone (Direct), asking (Inquire), providing factual info (Inform), or showing agreement/disagreement with another speaker (Accept/Reject). No clear politeness or impoliteness markers, and no sarcasm or reported speech. Thus: act = Claim; politeness/meta = none.",82,93187
Accept,+P,,,83,93187
Congratulate,+P,,"Two plausible acts:

1) React (+P): Simply expressing positive emotion.
2) Congratulate (+P): Expressing goodwill for a positive outcome/achievement (being released).

Definition of Congratulate: â€œExpress praise or good wishes for achievement.â€ Saying â€œIâ€™m glad you are out nowâ€ fits as goodwill for the OPâ€™s successful release. Itâ€™s more specific than a generic reaction. Hence Congratulate is better.

Politeness: clear positive support (+P). No meta.",84,93187
Congratulate,+P,,,85,93187
Congratulate,+P,,"We need to decide which communicative-act label best fits â€œYou're a good person, OP.â€

Possible candidates:
1. React â€“ It is a positive reaction showing engagement and evaluation.
2. Congratulate â€“ Defined as â€œExpress praise or good wishes for achievement.â€ Examples include compliments and encouragement like â€œGood luck, gamer.â€ The utterance explicitly praises OPâ€™s character, so it falls under expressing praise.
3. Claim â€“ A subjective assertion, but the social function is clearly praise rather than simply stating an opinion.

Between React and Congratulate, the taxonomy uses Congratulate for praise/compliments, while React is more neutral (e.g., â€œCool!!â€). Because this utterance is a direct compliment, Congratulate is the more specific and less common act, satisfying the â€œleast frequent act preferredâ€ rule.

Politeness: This is classic positive-politeness (+P) because it supports and compliments the addressee.

Meta: No sarcasm, no reported speech.

Therefore:
act = Congratulate
politeness = +P
meta = """"",86,93187
Congratulate,+P,,,87,93187
React,,,,88,93187
Inquire,,,,89,93187
Inquire,,,,90,93187
Inquire,,,"The target utterance â€œWhatâ€™s your favourite colour?â€ is posed as a direct question seeking information from the AMA poster. That clearly aligns with the communicative act â€œInquire,â€ whose definition is to seek information. Alternatives considered: It is not â€œManage,â€ because it doesnâ€™t organize the discussion; it is not â€œRequest,â€ because itâ€™s not asking for an action beyond providing information. No explicit politeness markers (positive or negative) are included, and there is no sarcasm or reported speech. Thus: act = Inquire, politeness = none, meta = none.",91,93187
Inform,,,,92,93187
Claim,,,"Considered Inform vs Claim. The speaker states their belief that â€œthey obviously didnâ€™t care,â€ which is subjective and not clearly verifiable; thus fits Claim (subjective assertion) better than Inform. No politeness or meta markers present.",93,93187
Accept,,,,94,93187
Inform,,,,95,93187
Inquire,,,"The target utterance is a direct question asking for specific information (â€œWhat was the first thing you ate when you got out?â€). This fits the definition of the Inquire act, which seeks information. There is no clear politeness marker (neither positive nor negative politeness forms) and no meta aspects such as reported speech or non-bona fide language.",96,93187
Inform,,,,97,93187
React,,,,98,93187
React,,,,99,93187
Accept,+P,,"The utterance â€œgood choice! ğŸ¤¤â€ expresses a positive evaluation and agreement with whatever selection the previous speaker made. Among the act labels: 

â€“ Accept: involves concurrence or agreement. Saying â€œgood choiceâ€ signals that the speaker agrees with and endorses the prior choice.  
â€“ Congratulate: typically praise for an achievement. Selecting a food or option isnâ€™t quite an â€œachievement,â€ so this seems less fitting.  
â€“ React: could fit as a generic positive reaction, but Accept is more specific because it conveys agreement.

Therefore, Accept is the best fit.  
Politeness: Itâ€™s praise/solidarity, so positive politeness (+P) applies.  
No special meta-tags.",100,93187
Inquire,,,"The target utterance â€œwhat toppings?â€ is a question seeking information about the toppings on (presumably) a pizza that was called a â€œgood choice.â€  
Possible labels:

1. Inquire â€“ asks for information.  
2. Request â€“ could be interpreted as implicitly requesting the list, but the taxonomy distinguishes Request (asking for action) from Inquire (asking for info).

Because the user is explicitly asking for information (a factual list), Inquire is the best fit. There is no evident politeness marker or impoliteness; no sarcasm or humor tags.",101,93187
Inform,,,"The prior message asks â€œwhat toppings?â€â€”an information-seeking utterance. The target reply â€œBacon, sausage, pepperoniâ€ directly provides the requested factual information. According to the taxonomy, supplying data or facts in response to a query is an Inform act. No agreement/disagreement, no directives, no evaluative stance; just delivering content. There are no politeness cues (compliments, insults, hedges) and no irony or reported speech. Thus: act = Inform, politeness = none, meta = none.",102,93187
Inquire,,,,103,93187
React,,,"Possible labels:
1. React â€“ brief evaluative response showing engagement (â€œCool!â€, â€œEwwâ€), often short remarks reacting to previous post.
2. Claim â€“ subjective assertion, e.g., â€œI love pizza.â€ â€œYouâ€™re missing outâ€ states an opinion that the addressee is deprived.

The utterance is a short, emotional reply triggered by â€œNo pineapple!?â€. It doesnâ€™t elaborate facts, request action, or instruct directly; it simply expresses the speakerâ€™s evaluative stance. Such concise evaluations typically fall under React rather than Claim, which is used for fuller propositional assertions.

Therefore React fits best. No clear politeness marking or meta (not sarcastic).",104,93187
Behave,-P,,"The utterance â€œI think people who like pineapples on pizza need to be incarcerated.â€ is:
â€¢ A normative statement about what people (pineapple-pizza lovers) â€œneedâ€ to do/what should happen to them. That fits the Behave category (â€œcall attention to social norms or expectationsâ€).
â€¢ Itâ€™s clearly hyperbolic/joking; hence add [non-bona fide].
â€¢ It targets a group with a strong negative judgement (â€œneed to be incarceratedâ€), so it counts as an insult â†’ â€“P [Insult].

Other possible acts:
â€“ Claim: It begins with â€œI thinkâ€¦â€, but the substance is a prescription (â€œneed toâ€), not just an opinion about taste.
â€“ Direct: Itâ€™s not really instructing the addressee to incarcerate anyone; itâ€™s rhetorical.

Thus, Behave is the best fit, with impoliteness and non-bona fide tags.",105,93187
Inform,,,,106,93187
React,,,,107,93187
Accept,,,"The target utterance â€œfair enough.â€ is a brief acknowledgment that signals the speaker concedes or agrees with whatever point was made previously. Among the communicative-act options, the ones to consider are:

1. Accept â€“ shows concurrence or acquiescence.
2. React â€“ could mark a short emotional response, but â€œfair enoughâ€ is more cognitive than emotional.
3. Claim â€“ an opinion, but here it is not presenting a new claim; it is responding.

Because â€œfair enoughâ€ directly conveys agreement, â€œAcceptâ€ fits best. Thereâ€™s no explicit politeness marker (no compliment, hedge, apology), and no sarcasm or reported speech.",108,93187
Direct,,,"The utterance â€œDonâ€™t knock it till you try it.â€ is:

â€¢ An imperative addressed to others, instructing them not to criticize something before experiencing it.  
â€¢ This fits the definition of Direct: â€œAttempt to cause action (require, prohibit, permit, strongly advise).â€  
â€¢ It is not merely providing information (Inform), nor is it asking a question (Inquire), nor expressing a desire or opinion (Claim/Desire).  
â€¢ It is stronger than a polite Request; it prohibits (â€œDonâ€™tâ€)â€”so Direct is most accurate.

Politeness: While it is an imperative, it is a common idiom and not overtly rude; no clear politeness or impoliteness marker is needed.

Meta: No reported speech or sarcasm evident.

Therefore: act = Direct; no politeness/meta tags.",109,93187
Claim,-P,,,110,93187
Claim,,,,111,93187
Claim,,,,112,93187
Manage,,,,113,93187
Claim,,,,114,93187
React,,,,115,93187
Claim,,,"Two plausible labels:  
1) Claim â€“ Itâ€™s a subjective assertion about how people behave (â€œthey will believe anything and everything â€¦â€).  
2) Elaborate â€“ It follows â€œIt sucksâ€¦â€ and could be seen as explaining why it sucks.  

Elaborate is usually used when the speaker explicitly expands on their own immediately prior utterance; here, the connection is uncertain (the prior line could be another user). The central communicative force is the assertion about othersâ€™ mindset, regardless of source. This is best captured as a subjective Claim. No politeness or meta markers are evident.",116,93187
Claim,,,,117,93187
Claim,+P,,"Possible labels:
1. Inform: stating factual info ""You murdered him"". But half of utterance is ""you had an excellent reason"" which is subjective evaluation not verifiable.
2. Claim: subjective assertion about reason; includes factual reference; overall gist is an evaluative claim supporting OP.

We need one act; Claim fits better capturing evaluative nature. Politeness: provides praise/support (""excellent reason"") indicates positive politeness (+P).

Thus output.",118,93187
Congratulate,+P,,,119,93187
Congratulate,+P,,"Possible labels:
1. Congratulate â€“ expressing praise or positive evaluation of addresseeâ€™s qualities (â€œexcellent trial judgeâ€).
2. Claim â€“ a subjective assertion (â€œI believeâ€¦â€).

The utteranceâ€™s main function is to compliment the OP, indicating esteem and approval. While it is phrased as a belief, the communicative impact is praise rather than merely stating an opinion. Therefore, Congratulate fits better. It also conveys positive politeness (+P).",120,93187
Inquire,,,"The target utterance â€œDo you feel any pride for taking him out?â€ is framed as a direct question asking the OP about their emotional reaction. It is seeking information rather than asserting information (Inform), making a claim (Claim), or giving a directive (Direct). Therefore the most fitting communicative-act label is Inquire.

There are no evident politeness markers (positive or negative), nor impoliteness. No sarcasm or reported speech. Hence â€œpolitenessâ€ and â€œmetaâ€ remain empty.",121,93187
Claim,,,,122,93187
Claim,,,,123,93187
Claim,,,"The target sentence â€œbut I do believe that I did the right thing,â€ expresses the speakerâ€™s personal belief/opinion regarding their past action. It is not requesting information, directing someone, or providing verifiable factual info; instead, itâ€™s a subjective assertion. Therefore, the communicative act best fitting is Claim. There is no apparent politeness strategy or impoliteness, and no meta tags like reported speech or non-bona fide usage.",124,93187
Claim,,,"The target utterance â€œand am happy that I got my mom and sister out of the positionâ€ primarily conveys the speakerâ€™s personal emotional stance (â€œam happyâ€) regarding a situation. While it incidentally references a factual outcome (getting mom and sister out), the thrust is a subjective evaluation/feeling. According to the taxonomy, subjective assertions or expressions of emotion fall under Claim, whereas Inform is reserved for neutral, verifiable facts delivered as such. Therefore, Claim fits best. No overt politeness or meta cues are present.",125,93187
Inquire,+P,,,126,93187
Inquire,,,,127,93187
Claim,,,"The prior utterance is a question: â€œare close are you to her?â€ (likely meaning â€œHow close are you to her?â€). The target responds â€œWe are very close.â€ This directly answers the question with an assertion about the relationship. Is it Inform or Claim? Inform is for objectively verifiable facts; Claim is for subjective assertions. Emotional closeness is subjective and not strictly verifiable, so â€œWe are very closeâ€ fits Claim better. No politeness markers or meta features.",128,93187
Inform,,,,129,93187
Inform,,,,130,93187
Inquire,,,"The utterance â€œHow are you doing?â€ clearly seeks information about the interlocutorâ€™s current state/condition. This fits the Inquire act (asking for information). It is not requesting an action (so not Request/Direct), nor providing information (Inform/Claim). Politeness: while friendly, itâ€™s a routine inquiry; no explicit politeness marker. Iâ€™ll leave politeness blank. No sarcasm or reported speech.",131,93187
Claim,,,"The previous utterance asks â€œHow are you doing?â€. The target answers: â€œIâ€™m doing better.â€ It reports the speakerâ€™s internal state, which is inherently subjective and not directly verifiable. According to the taxonomy, this fits the â€œClaimâ€ act, since itâ€™s a subjective assertion rather than an objectively verifiable fact. There is no politeness marker beyond neutral, and no meta tags apply.",132,93187
Inform,,,,133,93187
Desire,,,"The utterance: â€œI want to help kids in abusive situations learn to cope and navigate with it all in a healthy manner, unlike my situation.â€

Possible acts:
1. Desire â€“ expresses a personal wish/intention.
2. Inform â€“ could be seen as conveying information about future plans.
3. Claim â€“ subjective assertion.

The core force is an expression of what the speaker wants to do (â€œI want to helpâ€¦â€). This aligns directly with Desire. It is not merely stating a fact that can be verified now (Inform), nor is it simply an opinion claim. Therefore Desire is the best fit.

No clear politeness markers, no sarcasm, no reported speech.",134,93187
Congratulate,+P,,,135,93187
Congratulate,+P,,"The utterance â€œAbsolute legendâ€ is an expression of strong admiration/praise toward the previous poster. Possible acts:
1. React â€“ shows positive engagement (â€œCool!!â€).
2. Congratulate â€“ expresses praise for what the other has done.

Because the phrase is explicitly praising the personâ€™s action/character (â€œlegendâ€), it aligns with the definition of Congratulate (â€œexpress praise or good wishes for achievementâ€). It is also a compliment, so positive politeness (+P) applies. No sarcasm or reported speech.",136,93187
Congratulate,+P,,"The utterance â€œBravo!â€ is an exclamatory expression of praise and admiration for the OPâ€™s actions, following â€œAbsolute legendâ€ and preceding further praise (â€œI bet you will make a beautiful differenceâ€¦â€). In Herringâ€™s taxonomy, an expression that praises or offers good wishes for an achievement fits the Congratulate act. Alternatives considered: React (generic positive reaction) and Congratulate. While â€œBravo!â€ is indeed a reaction, it specifically conveys commendation, aligning better with Congratulate. Politeness: this is a complimentary, supportive remark â€” positive politeness (+P). No sarcasm or reported speech is present.",137,93187
Congratulate,+P,,,138,93187
Manage,,,,139,93187
Desire,+P,,,140,93187
Inform,,,,141,93187
Inform,,,,142,93187
Inform,,,,143,93187
Inform,,,,144,93187
Inform,,,,145,93187
Congratulate,+P,,,146,93187
React,,,"Possible acts:
1. Claim â€“ expresses an assertion: abusers so often get away with it. Subjective, not verifiable.
2. React â€“ expresses emotional evaluation of the situation (â€œItâ€™s tragicâ€). Shows engagement with previous content.

The main function seems to be expressing an emotional evaluation in response to the story, rather than primarily advancing new information. It acknowledges the prior message and adds sentiment (â€œtragicâ€), which fits Reactâ€™s definition (showing negative engagement). While it contains an assertion (â€œso often get awayâ€), the communicative intent is to react with sympathy and condemnation, common for React.

Therefore, choose React. No politeness/impoliteness features. No meta tags.",147,93187
Congratulate,+P,,,148,93187
React,+P,,,149,93187
Congratulate,+P,,"Possible labels: Congratulate, Greet, Thank. ""Best wishes"" expresses well-wishing to addressee, praising or good luck. Fits Congratulate definition. Contains solidarity; include +P politeness. No sarcasm.",150,93187
Thank,+P,,,151,93187
Thank,+P,,"The previous user said â€œThank you!â€; the target responds â€œI believe we should be thanking you.â€  
This reverses the gratitude toward the previous speaker, which is itself an expression of thanks.  
Alternative possibilities:
1. Accept â€“ could be agreeing that thanks are due, but the main function is to express gratitude back.
2. Thank â€“ direct act of thanking, fits best.

Politeness: thanking is a clear act of positive politeness (compliment/solidarity).  
No sarcasm or reporting present.",152,93187
Congratulate,+P,,,153,93187
Thank,+P,,,154,93187
React,+P,,,155,93187
Manage,,,"The target utterance â€œFrom what i've read in your OP and comments....â€ does not itself provide new factual information (Inform) or state a subjective opinion/stance (Claim) yet; instead it functions as a discourse-organizing preface. It signals that the speaker is about to comment based on material they have reviewed, thereby setting the stage and managing the flow of the conversation. This aligns with the â€œManageâ€ act, which involves organizing or focusing the discussion. There is no clear politeness marker or meta element present.",156,93187
Congratulate,+P,,,157,93187
Claim,+P,,,158,93187
Inquire,,,"The utterance â€œDo i condone murder.â€ syntactically takes the form of a question, so the most obvious communicative-act candidates are Inquire (seeking information) or perhaps Manage (framing the following statement). However, the speaker immediately answers their own question in the next utterance (â€œNo.â€). This indicates it is not a genuine request for information from others but a rhetorical question used to set up their self-answer. In the taxonomy, rhetorical questions are still coded for their surface act (Inquire) and tagged with [non-bona fide]. There is no agreement/disagreement or directive here, and no clear politeness move. Therefore the best fit is Inquire with a non-bona fide meta tag.",159,93187
Claim,,,,160,93187
Manage,,,,161,93188
Congratulate,+P,,,162,93187
Congratulate,+P,,,163,93187
Inquire,,,,164,93187
Accept,,,,165,93187
Inquire,,,,166,93187
Inquire,,,"The utterance â€œIdk how his friend didnâ€™t get caught too if it was his.â€ expresses uncertainty and implicitly seeks an explanation. Although phrased as a declarative, it functions to elicit information (the next reply provides it: â€œIllegal gun.â€). That fits the â€œInquireâ€ category (seeking information). No politeness marking or meta tags are obviously needed.",167,93187
Inform,,,,168,93187
Inform,,,,169,93187
Reject,,,"The previous speaker claims that killing the boyfriend â€œwouldnâ€™t have traced back to him.â€  
The target reply asks, â€œWho wanted this guy dead?â€  Taken literally, it is a question, but in context it is rhetorical: the speaker is implying that the answer (the teenager) is obvious, thereby challenging the claim that the killing couldnâ€™t be traced back. Thus the utterance functions to dispute/contradict the prior statement.  
Hence primary act = Reject.  
Since itâ€™s rhetorical, mark meta as [non-bona fide]. No clear politeness or impoliteness.",170,93187
Claim,,,,171,93187
Inform,,,,172,93187
Inform,,,"Possible acts:
1. Inform â€“ providing factual information about legal standards (a suspicion alone doesnâ€™t result in jail).
2. Claim â€“ subjective assertion; but here itâ€™s presented as an objective fact about the justice system, potentially verifiable.

Given the context (discussing how a case must be built before arrest), the utterance functions to clarify/provide legal information. Therefore Inform fits best.

No politeness or impoliteness markers, no reported speech, no humor.",173,93187
Repair,,,"The target utterance responds to the previous comment by restating an important fact from the OP (â€œthere were no witnessesâ€), apparently to correct or clarify the other commenterâ€™s line of reasoning. This fits â€œRepairâ€â€”clarifying/correcting a possible misunderstandingâ€”better than a simple â€œInform,â€ because it is explicitly framed as referencing and rectifying an earlier point in the discussion (â€œAs he stated firstâ€¦â€). No politeness or meta features stand out.",174,93187
Claim,,,,175,93187
Inform,,,"The previous commenter suggested that significant parts were glossed over, presumably including whether there were witnesses. The target reply â€œThere were witnesses.â€ provides factual clarification, offering new information about the situation. It is not mainly correcting a misunderstanding about wording (so not Repair) but supplying verifiable information. Therefore, the best fit is Inform. No politeness or meta tags are warranted.",176,93187
Inform,,,,177,93187
Inquire,,,,178,93187
Inform,,,,179,93187
Reject,,,,180,93187
Claim,,,,181,93187
Claim,,,,182,93187
Claim,,,,183,93187
Inform,,,,184,93187
Inform,,,"Possible acts:
1) Inform â€“ providing factual answer about how crime was committed.
2) Elaborate â€“ expanding on previous statement, but primary function is to convey factual info.
3) Claim â€“ subjective assertion, but here the speaker treats it as objective fact.

Given the phrase â€œto answer this,â€ it directly supplies information in response to a question, making Inform most fitting. No politeness cues, no meta features.",185,93187
Elaborate,,,"Possible acts: 
1) Inform â€“ provides factual detail: daylight.
2) Elaborate â€“ explains/clarifies prior statement â€œI didnâ€™t do my crime sneakily.â€

The utterance directly follows that prior statement and serves to illustrate it by specifying circumstances. That is quintessential elaboration (explanation of own previous utterance). Although it also conveys factual info, the primary discourse function is to flesh out/clarify the preceding claim. Hence label as Elaborate. No politeness or meta tags needed.",186,93187
Inform,,,,187,93187
Inform,,,"The utterance is a continuation of the narratorâ€™s recounting of factual circumstances around the crime (â€œpeople in his neighborhood knew meâ€¦ but they didnâ€™t know my friend â€¦ and I didnâ€™t give him upâ€).  
Possible acts:  
1. Inform â€“ providing factual information that people were unaware of the friend.  
2. Claim â€“ but Claim is for subjective/unverifiable assertions, whereas this statement is an objective fact within the story timeline and could in principle be verified.  
No directive, inquiry, acceptance, etc. present.  
Therefore â€œInformâ€ best fits.  
No politeness markers or impoliteness.  
No sarcasm or reported speech.",188,93187
Inform,,,,189,93187
Inform,,,,190,93187
Elaborate,,,"Possible acts: Inform, Elaborate. Inform: provides factual information that the gun was illegal. Elaborate: explains why previous statement is true, expanding on own earlier utterance ""The gun wouldnâ€™t be traced to my friend"". This fits definition: explain or paraphrase a previous utterance. Since primary function is to explain the preceding claim, choose Elaborate. No politeness or meta markers.",191,93187
Inform,,,,192,93187
Inform,,,,193,93187
Desire,,,,194,93187
React,-P,,,195,93187
Inquire,,,"The utterance â€œAre you angry with the justice system for punishing you?â€ is formulated as a yes/no question that seeks information about the OPâ€™s feelings toward the justice system. Its primary discourse function is to elicit a response; it is not asserting information (Inform/Claim), nor expressing a desire, directive, or evaluation. Therefore, the communicative-act label that fits best is Inquire. There is no clear politeness or impoliteness marker; the question is neutrally phrased. No meta tags apply.",196,93187
Claim,,,,197,93187
Elaborate,,,,198,93187
Accept,,,,199,93187
Desire,,,,200,93187
React,+P,,"The utterance â€œI'm sorry this happened to your family, and his family too.â€ does not apologize for the speakerâ€™s own wrongdoing; rather, it expresses sympathy/condolence. In the taxonomy there is no dedicated â€œcondoleâ€ act, so expressions of empathy fall under â€œReact,â€ which covers emotional responses that show engagement. Alternative considered: â€œApologize,â€ but that category focuses on self-blame or self-deprecation, which isnâ€™t the case here. Thus â€œReactâ€ is best. The statement is supportive and comforting, so it constitutes positive politeness (+P). No special meta tags apply.",201,93187
Claim,+P,,,202,93187
Inquire,,,,203,93187
Inform,,,,204,93187
Accept,,,,205,93187
Accept,,,,206,93187
Congratulate,+P,,"The utterance â€œI hope the rest of your life is fantastic!â€ is directed at the addressee, expressing warm good wishes for their future. Within the taxonomy, â€œCongratulateâ€ is defined as â€œexpress praise or good wishes for achievementâ€ and examples include â€œGood luck, gamer.â€ This fits: itâ€™s a goodwill/well-wishing statement rather than an internal desire for oneself.  
Desire could be considered because it uses â€œI hope,â€ but Desire typically involves expressing oneâ€™s own wants or hypothetical situations; here the focus is on benevolently wishing the interlocutor well, aligning more with Congratulate.  
Politeness: itâ€™s clearly supportive and friendly, so positive politeness (+P).  
No sarcasm or reporting is involved.",207,93187
Claim,+P,,"Possible acts:
1. Inform â€“ provides factual info. But â€œsaved your mom and sisterâ€™s lifeâ€ is evaluative; not objectively verifiable, more praise.
2. Claim â€“ subjective assertion praising OP. Fits better.

Politeness: complimentary/praise = positive politeness (+P).
No meta.",208,93187
Congratulate,+P,,,209,93187
Congratulate,+P,,,210,93187
Reject,,,"The prior message praises the OP: â€œLowkey ur kind of a hero imo.â€  
The target reply â€œEhh not really.â€ expresses disagreement with that praise, downplaying the compliment.  
Possible acts:  
1) Reject â€“ disagreeing with the assessment.  
2) Apologize â€“ itâ€™s not apologetic; no apology.  
3) React â€“ a simple response, but it specifically negates the prior claim.  

Most fitting: Reject, since it explicitly refutes the evaluation that they are â€œa hero.â€  
No impoliteness or politeness markers; just a brief disagreement.  
No meta tags needed.",211,93187
Reject,,,,212,93187
Inform,,,"Possible labels:

1. Inform â€“ It provides factual information that services exist to help with abuse, presumably verifiable.
2. Claim â€“ Could be seen as subjective assertion if unverifiable, but availability of services is generally factual and can be checked.
3. Direct/Request â€“ Not really; it doesnâ€™t tell OP to do anything directly here (that is in the next line).

Given the sentence states a putatively verifiable fact about services, it best fits Inform. Thereâ€™s no explicit politeness strategy or impoliteness. No sarcasm.",213,93187
Direct,,,,214,93187
Inform,,,,215,93187
Claim,,,,216,93187
Reject,,,,217,93187
Reject,,,,218,93187
Inform,,,,219,93187
Elaborate,,,,220,93187
Behave,,,,221,93187
Inform,,,"The target utterance states: â€œAll that might do best case scenario is reduce the sentence.â€  
Possible acts:  
1) Inform â€“ giving (purportedly) factual information about legal consequences.  
2) Claim â€“ a subjective assertion.  

The speaker presents it as an objective outcome (â€œbest case scenarioâ€), i.e., a legal fact that could be checked, rather than a personal preference or evaluation. In Reddit discourse, such statements about the law are typically treated as facts. Therefore Inform fits better than Claim.

No direct agreement/disagreement, no request or directive.  
No politeness cues; no insults.

Thus: act = Inform, politeness = none, meta = none.",222,93187
Reject,-P,,"Possible labels:
1) Reject â€“ The utterance disagrees with prior commenters who are â€œadvocating for murder.â€
2) Claim â€“ Could be a subjective assertion about having a brain.
3) React â€“ An emotional reaction (â€œI canâ€™t believe â€¦â€).

Check context: Previous line talks about reducing sentence; OP says nobody else is against murder. They are positioning themselves against othersâ€™ stance, implicitly rejecting the pro-murder view. Thus main force = disagreement â†’ Reject. Tone includes â€œIâ€™m the only one with a brain here,â€ which insults the others, violating positive politeness â†’ â€“P [Insult].

So best fit: act = Reject, politeness = â€“P [Insult]. No meta tags needed.",223,93187
Inform,,,,224,93187
Claim,,,,225,93187
Claim,+P,,,226,93187
Reject,,,,227,93187
React,-P,,,228,93187
Claim,,,,229,93187
Claim,-P,,,230,93187
React,,,,231,93187
Desire,,,"The target utterance states: ""I wish there were laws against assaulting and abusing significant others and children that would prevent the need for a restraining order in the first place."" Literally, that is phrased as a desire/wish. Yet, from context, itâ€™s clearly sarcastic because such laws already exist; the next utterance (â€œI forgot, there is.â€) confirms the irony.  
Potential acts:  
1. Desire â€“ fits the surface â€œI wishâ€ construction, which in the taxonomy covers expressions of wish/hope/counterfactual.  
2. Claim â€“ could be seen as a sarcastic assertion that there are no such laws, but the primary grammatical form is a wish.  
Given the taxonomy and examples, â€œDesireâ€ is the best match. We add meta tag [non-bona fide] for the sarcasm/irony. No impoliteness or politeness markers present.",232,93187
Repair,,,"The prior utterance expresses a wish for laws against assault and abuse, implying such laws donâ€™t presently exist or arenâ€™t adequate. The target reply â€œI forgot, there is.â€ is pointing out that such laws actually do exist, correcting the misconception. Two candidate labels:

1. Repair â€“ correcting a misunderstanding or error in the previous utterance.
2. Reject â€“ simply disagreeing with the previous content.

While it does reject the prior implication, its primary function is to correct that error (â€œthere is [a law]â€), which fits the definition of Repair more precisely. Thereâ€™s no overt insult or sarcasm strong enough to tag impoliteness; itâ€™s a straightforward correction.",233,93187
Reject,-P,,,234,93187
Reject,,,"Possible acts:
1. Claim â€“ The utterance presents a stance that the crimes do not justify murder; it could be viewed as a subjective assertion.
2. Reject â€“ The speaker is countering (disagreeing with) the implicit/explicit argument that the boyfriendâ€™s crimes justify killing him.

Context: The preceding comment criticizes someone for assuming the boyfriend would fear trespassing despite committing other crimes; the thread debates the moral/legal justification of the shooting. The target sentence directly challenges any justification for the murder (â€œstill not a justificationâ€). This functions primarily as a disagreement/challenge rather than merely stating a neutral opinion.

Therefore, â€œRejectâ€ fits best. No insults or imperatives, so no politeness/impoliteness markers. No sarcasm.",235,93187
Reject,-P,,,236,93187
Inform,,,,237,93187
Claim,,non-bona fide,"We need to label â€œWhat did he know?â€ in context. Prior: â€œOP was a child of 14.â€ Next: â€œShould his mother have gotten them out? Yes.â€ The user is rhetorically questioningâ€”the intended meaning: the 14-year-old couldnâ€™t be expected to know better. Itâ€™s not a genuine request for information (Inquire) but an implicit assertion/argument. That aligns with Claim (subjective assertion). Because itâ€™s phrased as a rhetorical question, we add meta tag non-bona fide. No politeness element.",238,93187
Claim,,,,239,93187
Behave,,,,240,93187
Accept,,,,241,93187
Claim,,,,242,93187
Reject,,,"The prior comment defends OPâ€™s action as the only way to protect his sister. The target responds: â€œStill doesnâ€™t excuse murder.â€ This directly disagrees with the justification offered, challenging the prior statement. Primary options:
1. Reject â€“ Expresses disagreement/refutation.
2. Claim â€“ Could be seen as an assertion of opinion.

Because it explicitly counters the previous utterance, the function is rebuttal, fitting Reject. No insults or politeness markers. No sarcasm, so no meta tags.",243,93187
Reject,,,"The utterance â€œI canâ€™t believe so many people here are defending murder.â€ is reacting to previous comments that justify the killing. The speaker is clearly expressing disagreement/challenge to those defenses. Among the act labels, â€œRejectâ€ fits best, as it functions to dispute or criticize the stance of others. While it includes an evaluation (â€œI canâ€™t believeâ€¦â€), its primary communicative force is disagreement. It is not merely providing information (Inform) nor just stating a personal stance without reference to others (Claim); it directly contests the preceding views. No explicit politeness or impoliteness markers beyond mild criticism, so politeness = """" and meta = """".",244,93187
Claim,-P,,,245,93187
Claim,,,"Possible acts: Claim (subjective assertion), Reject (disagreeing with previous?), Direct (advice). The utterance states a general aphorism ""Vengeance never wins."" It doesn't directly instruct but expresses a belief. It's not explicitly disagreeing with prior; it's more a moral statement. Thus Claim fits best. No politeness markers or meta.",246,93187
Accept,+P,,,247,93187
Claim,,,,248,93187
Elaborate,,,,249,93187
Reject,,,,250,93187
Elaborate,,,,251,93187
Inform,,,,252,93187
Claim,,,"Possible labels:

1. Inform: It provides a statement about legal practice and extenuating circumstances. Could be construed as factual.
2. Claim: Expresses the speaker's opinion/judgment (â€œHe absolutely deservedâ€¦â€). This is subjective and not clearly verifiable.
3. Direct: Not instructing anyone.

The utterance is primarily an evaluative stance: â€œHe absolutely deservedâ€¦â€ indicates personal opinion rather than purely conveying facts. Although it references legal practices, the core function is expressing judgment. Thus Claim fits best. No politeness markers, no meta.",253,93187
Inform,,,,254,93187
Inform,,,"The target utterance â€œHe was punished.â€ is a declarative statement providing factual information about what happened to the person in question. It neither requests action nor expresses an evaluation beyond stating a fact. Alternative possibilities considered:
1) Claim â€“ but it appears verifiable (he actually faced punishment), so fits Inform better.
2) Elaborate â€“ it continues the prior idea but primarily functions to add a new factual piece rather than rephrase.
Thus, Inform is the most fitting act. No clear politeness or meta features present.",255,93187
Inform,,,,256,93187
